id,first_name,last_name
1,Marlo,Blakely
2,Nadya,Boynton
3,Abigail,Huntress
4,Timoteo,Couldwell
5,Ivan,Trusslove
6,Idalia,Dulling
7,Jordain,Twiggs
8,Arielle,Levesque
9,Seth,Cannings
10,Dianna,Scimonelli
11,Correna,Pietroni
12,Ellynn,Barosch
13,Oran,Blewett
14,Kare,Merrell
15,Berthe,Linnane
16,Carroll,Kynge
17,Hamnet,Costen
18,Trix,Hirth
19,Delora,Proske
20,Rodolfo,Niccolls
21,Sidoney,Malinowski
22,Norma,Orrocks
23,Griz,Broadhead
24,Dale,Maddox
25,Brig,Di Batista
26,Corena,Smowton
27,Byrle,Berre
28,Estelle,Bennetto
29,Valli,Hill
30,Lethia,Winthrop
31,Felipe,Whorlton
32,Leonore,Cunniffe
33,Horace,Copley
34,Edmon,Doumerc
35,Donaugh,Yurchishin
36,Orella,Sallis
37,Clarice,Senton
38,Edith,Rymill
39,Nolan,Sturm
40,Harriet,MacSkeaghan
41,Pincas,Pecha
42,Phillip,Siuda
43,Inga,Bugdell
44,Elspeth,Denne
45,Darill,Antuoni
46,Elroy,Valois
47,Say,Duiguid
48,Amelina,Beddows
49,Miriam,Freiberg
50,Nedi,Spittall
